Total time (ms),Membership queries,Equivalence queries,Rounds,Bin state,alphabet size,VPDA size,Internal transitions,Return transitions,Call transitions,Diameter
4749,2055,5,5,true,15,7,5,3,14,3
4239,2055,5,5,true,15,7,5,3,14,3
2496,2055,5,5,true,15,7,5,3,14,3
2064,2055,5,5,true,15,7,5,3,14,3
1501,2055,5,5,true,15,7,5,3,14,3
1467,2055,5,5,true,15,7,5,3,14,3
1534,2055,5,5,true,15,7,5,3,14,3
1403,2055,5,5,true,15,7,5,3,14,3
1476,2055,5,5,true,15,7,5,3,14,3
1498,2055,5,5,true,15,7,5,3,14,3
