Total time (ms),Membership queries,Equivalence queries,Rounds,Bin state,alphabet size,VPDA size,Internal transitions,Return transitions,Call transitions,Diameter
14645,21943,5,5,true,17,16,18,7,32,13
11273,21943,5,5,true,17,16,18,7,32,13
9075,21943,5,5,true,17,16,18,7,32,13
9121,21943,5,5,true,17,16,18,7,32,13
7171,21943,5,5,true,17,16,18,7,32,13
7901,21943,5,5,true,17,16,18,7,32,13
7366,21943,5,5,true,17,16,18,7,32,13
7176,21943,5,5,true,17,16,18,7,32,13
7783,21943,5,5,true,17,16,18,7,32,13
8015,21943,5,5,true,17,16,18,7,32,13
