Total time (ms),Membership queries,Equivalence queries,Rounds,Bin state,alphabet size,VPDA size,Internal transitions,Return transitions,Call transitions,Diameter
8232,69514,3,3,true,20,24,26,3,48,12
5030,69514,3,3,true,20,24,26,3,48,12
4311,69514,3,3,true,20,24,26,3,48,12
4483,69514,3,3,true,20,24,26,3,48,12
3043,69514,3,3,true,20,24,26,3,48,12
4631,69514,3,3,true,20,24,26,3,48,12
3919,69514,3,3,true,20,24,26,3,48,12
3647,69514,3,3,true,20,24,26,3,48,12
4013,69514,3,3,true,20,24,26,3,48,12
3515,69514,3,3,true,20,24,26,3,48,12
