Document ID,Memory document,Length document
WorstCase1239.json,277,22
WorstCase61.json,0,16
WorstCase1220.json,0,13
WorstCase1308.json,0,16
WorstCase1711.json,0,25
WorstCase629.json,0,19
WorstCase1279.json,0,28
WorstCase507.json,0,25
WorstCase1198.json,0,19
WorstCase1013.json,0,25
WorstCase397.json,0,16
WorstCase451.json,0,16
WorstCase1102.json,0,16
WorstCase442.json,0,19
WorstCase801.json,0,13
WorstCase1793.json,0,13
WorstCase625.json,0,16
WorstCase1779.json,0,25
WorstCase969.json,0,19
WorstCase2044.json,0,28
WorstCase853.json,0,19
WorstCase1949.json,0,25
WorstCase1840.json,0,16
WorstCase1023.json,0,31
WorstCase905.json,0,16
WorstCase1428.json,0,16
WorstCase27.json,0,13
WorstCase1066.json,0,13
WorstCase860.json,0,19
WorstCase97.json,0,10
WorstCase866.json,0,16
WorstCase1935.json,0,25
WorstCase141.json,0,13
WorstCase1259.json,0,22
WorstCase890.json,0,22
WorstCase914.json,0,16
WorstCase795.json,0,19
WorstCase762.json,0,22
WorstCase1414.json,0,16
WorstCase435.json,0,19
WorstCase419.json,0,16
WorstCase1688.json,0,16
WorstCase2025.json,0,25
WorstCase518.json,0,10
WorstCase532.json,0,10
WorstCase575.json,0,22
WorstCase1511.json,0,25
WorstCase688.json,0,13
WorstCase1147.json,0,22
WorstCase1609.json,0,16
WorstCase453.json,0,16
WorstCase1603.json,0,16
WorstCase1075.json,0,16
WorstCase438.json,0,19
WorstCase930.json,0,16
WorstCase1368.json,0,16
WorstCase1148.json,0,19
WorstCase229.json,0,16
WorstCase1749.json,0,22
WorstCase892.json,0,22
WorstCase1568.json,0,10
WorstCase1639.json,0,22
WorstCase615.json,0,19
WorstCase1900.json,0,22
WorstCase1896.json,0,19
WorstCase1836.json,0,19
WorstCase98.json,0,10
WorstCase614.json,0,16
WorstCase1806.json,0,19
WorstCase654.json,0,16
WorstCase1982.json,0,28
WorstCase1206.json,0,19
WorstCase446.json,0,22
WorstCase104.json,0,10
WorstCase1612.json,0,16
WorstCase1490.json,0,19
WorstCase395.json,0,16
WorstCase217.json,0,16
WorstCase722.json,0,16
WorstCase1005.json,0,25
WorstCase1832.json,0,16
WorstCase1063.json,0,16
WorstCase987.json,0,25
WorstCase536.json,0,10
WorstCase1129.json,0,16
WorstCase1476.json,0,16
WorstCase1957.json,0,22
WorstCase1041.json,0,10
WorstCase239.json,0,22
WorstCase707.json,0,16
WorstCase999.json,0,25
WorstCase470.json,0,19
WorstCase336.json,0,10
WorstCase202.json,0,13
WorstCase135.json,0,13
WorstCase989.json,0,25
WorstCase1224.json,0,13
WorstCase1372.json,0,19
WorstCase594.json,0,13
WorstCase2029.json,0,28
WorstCase936.json,0,16
WorstCase537.json,0,13
WorstCase924.json,0,19
WorstCase42.json,0,10
WorstCase259.json,0,10
WorstCase1621.json,0,19
WorstCase362.json,0,16
WorstCase681.json,0,16
WorstCase668.json,0,16
WorstCase26.json,0,10
WorstCase1983.json,0,31
WorstCase880.json,0,16
WorstCase1030.json,0,10
WorstCase385.json,0,10
WorstCase1773.json,0,25
WorstCase847.json,0,22
WorstCase601.json,0,16
WorstCase994.json,0,19
WorstCase617.json,0,16
WorstCase965.json,0,19
WorstCase657.json,0,13
WorstCase769.json,0,10
WorstCase1316.json,0,13
WorstCase1327.json,0,22
WorstCase1012.json,0,22
WorstCase1055.json,0,19
WorstCase1007.json,0,28
WorstCase1516.json,0,22
WorstCase1429.json,0,19
WorstCase660.json,0,13
WorstCase562.json,0,13
WorstCase1405.json,0,25
WorstCase1378.json,0,16
WorstCase1907.json,0,25
WorstCase991.json,0,28
WorstCase673.json,0,13
WorstCase1025.json,0,7
WorstCase1879.json,0,25
WorstCase855.json,0,22
WorstCase1999.json,0,28
WorstCase67.json,0,10
WorstCase2007.json,0,28
WorstCase1313.json,0,13
WorstCase713.json,0,16
WorstCase831.json,0,25
WorstCase1381.json,0,19
WorstCase100.json,0,10
WorstCase1666.json,0,13
WorstCase60.json,0,13
WorstCase703.json,0,25
WorstCase1738.json,0,19
WorstCase1640.json,0,16
WorstCase1283.json,0,13
WorstCase220.json,0,16
WorstCase1132.json,0,16
WorstCase118.json,0,16
WorstCase1664.json,0,10
WorstCase1637.json,0,19
WorstCase1492.json,0,19
WorstCase142.json,0,13
WorstCase341.json,0,16
WorstCase835.json,0,16
WorstCase951.json,0,25
WorstCase1780.json,0,22
WorstCase598.json,0,16
WorstCase1190.json,0,16
WorstCase1716.json,0,19
WorstCase1221.json,0,16
WorstCase691.json,0,19
WorstCase1260.json,0,19
WorstCase1742.json,0,22
WorstCase1288.json,0,10
WorstCase1566.json,0,19
WorstCase893.json,0,25
WorstCase1073.json,0,13
WorstCase2005.json,0,25
WorstCase1848.json,0,19
WorstCase1529.json,0,25
WorstCase224.json,0,10
WorstCase1370.json,0,19
WorstCase1658.json,0,22
WorstCase2034.json,0,25
WorstCase1432.json,0,16
WorstCase975.json,0,25
WorstCase879.json,0,25
WorstCase92.json,0,13
WorstCase421.json,0,16
WorstCase1329.json,0,16
WorstCase786.json,0,13
WorstCase1551.json,0,19
WorstCase1442.json,0,16
WorstCase1617.json,0,16
WorstCase1861.json,0,19
WorstCase1101.json,0,16
WorstCase705.json,0,13
WorstCase1186.json,0,13
WorstCase1173.json,0,16
WorstCase904.json,0,13
WorstCase1808.json,0,13
WorstCase776.json,0,10
WorstCase1118.json,0,19
WorstCase123.json,0,19
WorstCase1425.json,0,16
WorstCase147.json,0,13
WorstCase235.json,0,19
WorstCase1022.json,0,28
WorstCase572.json,0,16
WorstCase648.json,0,10
WorstCase157.json,0,16
WorstCase447.json,0,25
WorstCase1635.json,0,19
WorstCase192.json,0,7
WorstCase884.json,0,19
WorstCase521.json,0,10
WorstCase917.json,0,19
WorstCase1230.json,0,19
WorstCase1032.json,0,7
WorstCase797.json,0,19
WorstCase311.json,0,19
WorstCase1265.json,0,19
WorstCase1979.json,0,28
WorstCase1182.json,0,19
WorstCase742.json,0,19
WorstCase150.json,0,13
WorstCase1975.json,0,28
WorstCase436.json,0,16
WorstCase600.json,0,13
WorstCase846.json,0,19
WorstCase1423.json,0,22
WorstCase982.json,0,22
WorstCase956.json,0,22
WorstCase1121.json,0,13
WorstCase1898.json,0,22
WorstCase401.json,0,13
WorstCase1340.json,0,19
WorstCase515.json,0,10
WorstCase423.json,0,19
WorstCase468.json,0,16
WorstCase1616.json,0,13
WorstCase2023.json,0,28
WorstCase1191.json,0,19
WorstCase1924.json,0,16
WorstCase777.json,0,13
WorstCase84.json,0,10
WorstCase1906.json,0,22
WorstCase1150.json,0,22
WorstCase1175.json,0,19
WorstCase1480.json,0,16
WorstCase1272.json,0,19
WorstCase1071.json,0,19
WorstCase1242.json,0,19
WorstCase1183.json,0,22
WorstCase149.json,0,13
WorstCase710.json,0,16
WorstCase767.json,0,28
WorstCase1538.json,0,10
WorstCase787.json,0,16
WorstCase1369.json,0,19
WorstCase1282.json,0,10
WorstCase1644.json,0,19
WorstCase1015.json,0,28
WorstCase1704.json,0,16
WorstCase248.json,0,16
WorstCase1955.json,0,22
WorstCase1016.json,0,22
WorstCase1031.json,0,13
WorstCase1653.json,0,22
WorstCase1330.json,0,16
WorstCase2008.json,0,22
WorstCase91.json,0,16
WorstCase1042.json,0,10
WorstCase1894.json,0,22
WorstCase1374.json,0,22
WorstCase456.json,0,13
WorstCase1626.json,0,19
WorstCase1926.json,0,19
WorstCase392.json,0,10
WorstCase920.json,0,16
WorstCase480.json,0,13
WorstCase326.json,0,13
WorstCase1944.json,0,19
WorstCase63.json,0,19
WorstCase107.json,0,16
WorstCase1290.json,0,13
WorstCase1235.json,0,19
WorstCase200.json,0,10
WorstCase902.json,0,16
WorstCase1990.json,0,22
WorstCase1600.json,0,10
WorstCase962.json,0,16
WorstCase314.json,0,16
WorstCase440.json,0,16
WorstCase950.json,0,22
WorstCase493.json,0,22
WorstCase961.json,0,16
WorstCase1044.json,0,10
WorstCase1802.json,0,16
WorstCase627.json,0,19
WorstCase927.json,0,25
WorstCase1420.json,0,16
WorstCase1097.json,0,13
WorstCase734.json,0,22
WorstCase922.json,0,19
WorstCase124.json,0,16
WorstCase1715.json,0,22
WorstCase538.json,0,13
WorstCase942.json,0,22
WorstCase1519.json,0,28
WorstCase1485.json,0,22
WorstCase1488.json,0,16
WorstCase1275.json,0,25
WorstCase1520.json,0,19
WorstCase960.json,0,13
WorstCase1756.json,0,22
WorstCase954.json,0,22
WorstCase1762.json,0,19
WorstCase1416.json,0,13
WorstCase1813.json,0,19
WorstCase1853.json,0,25
WorstCase631.json,0,22
WorstCase1592.json,0,16
WorstCase101.json,0,13
WorstCase201.json,0,13
WorstCase1561.json,0,16
WorstCase1226.json,0,16
WorstCase1125.json,0,16
WorstCase99.json,0,13
WorstCase1577.json,0,16
WorstCase1062.json,0,13
WorstCase957.json,0,25
WorstCase756.json,0,19
WorstCase145.json,0,10
WorstCase393.json,0,13
WorstCase1478.json,0,19
WorstCase944.json,0,16
WorstCase1270.json,0,22
WorstCase1344.json,0,10
WorstCase461.json,0,19
WorstCase1831.json,0,22
WorstCase1479.json,0,22
WorstCase2.json,0,4
WorstCase543.json,0,19
WorstCase789.json,0,16
WorstCase1409.json,0,13
WorstCase1400.json,0,19
WorstCase1929.json,0,19
WorstCase803.json,0,16
WorstCase1651.json,0,22
WorstCase891.json,0,25
WorstCase1110.json,0,16
WorstCase1014.json,0,25
WorstCase1887.json,0,28
WorstCase204.json,0,13
WorstCase695.json,0,22
WorstCase305.json,0,13
WorstCase875.json,0,22
WorstCase1852.json,0,22
WorstCase522.json,0,10
WorstCase74.json,0,10
WorstCase1810.json,0,16
WorstCase806.json,0,16
WorstCase889.json,0,22
WorstCase180.json,0,13
WorstCase1371.json,0,22
WorstCase140.json,0,10
WorstCase191.json,0,22
WorstCase1089.json,0,10
WorstCase1950.json,0,25
WorstCase387.json,0,13
WorstCase1086.json,0,19
WorstCase379.json,0,22
WorstCase619.json,0,19
WorstCase18.json,0,7
WorstCase570.json,0,16
WorstCase330.json,0,13
WorstCase1352.json,0,13
WorstCase504.json,0,19
WorstCase819.json,0,19
WorstCase0.json,0,2
WorstCase34.json,0,7
WorstCase590.json,0,16
WorstCase448.json,0,10
WorstCase1294.json,0,16
WorstCase1164.json,0,13
WorstCase952.json,0,19
WorstCase281.json,0,13
WorstCase1782.json,0,25
WorstCase881.json,0,19
WorstCase2028.json,0,25
WorstCase1627.json,0,22
WorstCase1229.json,0,19
WorstCase146.json,0,10
WorstCase228.json,0,13
WorstCase799.json,0,22
WorstCase1419.json,0,19
WorstCase778.json,0,13
WorstCase1893.json,0,22
WorstCase2031.json,0,31
WorstCase170.json,0,13
WorstCase367.json,0,22
WorstCase1740.json,0,19
WorstCase1858.json,0,16
WorstCase378.json,0,19
WorstCase337.json,0,13
WorstCase354.json,0,13
WorstCase333.json,0,16
WorstCase1730.json,0,16
WorstCase546.json,0,10
WorstCase1966.json,0,25
WorstCase724.json,0,16
WorstCase652.json,0,13
WorstCase1794.json,0,13
WorstCase1314.json,0,13
WorstCase1771.json,0,25
WorstCase1943.json,0,25
WorstCase188.json,0,16
WorstCase1114.json,0,16
WorstCase1431.json,0,22
WorstCase250.json,0,19
WorstCase48.json,0,7
WorstCase1712.json,0,16
WorstCase359.json,0,19
WorstCase659.json,0,16
WorstCase114.json,0,13
WorstCase1774.json,0,25
WorstCase2016.json,0,19
WorstCase709.json,0,16
WorstCase55.json,0,16
WorstCase1334.json,0,19
WorstCase51.json,0,13
WorstCase1163.json,0,16
WorstCase814.json,0,19
WorstCase599.json,0,19
WorstCase1589.json,0,19
WorstCase355.json,0,16
WorstCase1890.json,0,19
WorstCase1974.json,0,25
WorstCase80.json,0,7
WorstCase1189.json,0,16
WorstCase573.json,0,19
WorstCase1522.json,0,22
WorstCase369.json,0,16
WorstCase301.json,0,16
WorstCase824.json,0,16
WorstCase1694.json,0,22
WorstCase1255.json,0,22
WorstCase700.json,0,19
WorstCase730.json,0,19
WorstCase1142.json,0,19
WorstCase732.json,0,19
WorstCase1396.json,0,19
WorstCase429.json,0,19
WorstCase955.json,0,25
WorstCase1989.json,0,22
WorstCase520.json,0,7
WorstCase409.json,0,16
WorstCase1655.json,0,25
WorstCase992.json,0,16
WorstCase1611.json,0,19
WorstCase1581.json,0,19
WorstCase1855.json,0,28
WorstCase317.json,0,19
WorstCase95.json,0,19
WorstCase199.json,0,16
WorstCase1426.json,0,16
WorstCase773.json,0,13
WorstCase1624.json,0,16
WorstCase1656.json,0,19
WorstCase46.json,0,13
WorstCase110.json,0,16
WorstCase1863.json,0,22
WorstCase413.json,0,19
WorstCase718.json,0,19
WorstCase1797.json,0,16
WorstCase132.json,0,7
WorstCase479.json,0,25
WorstCase329.json,0,13
WorstCase1165.json,0,16
WorstCase1104.json,0,10
WorstCase490.json,0,19
WorstCase309.json,0,16
WorstCase400.json,0,10
WorstCase1723.json,0,25
WorstCase1287.json,0,16
WorstCase912.json,0,13
WorstCase1108.json,0,13
WorstCase166.json,0,13
WorstCase1862.json,0,19
WorstCase1122.json,0,13
WorstCase1525.json,0,25
WorstCase1411.json,0,16
WorstCase238.json,0,19
WorstCase583.json,0,16
WorstCase1760.json,0,16
WorstCase1507.json,0,22
WorstCase171.json,0,16
WorstCase1673.json,0,16
WorstCase698.json,0,19
WorstCase1662.json,0,25
WorstCase1496.json,0,19
WorstCase898.json,0,13
WorstCase64.json,0,4
WorstCase1392.json,0,16
WorstCase483.json,0,19
WorstCase1470.json,0,25
WorstCase1418.json,0,16
WorstCase1019.json,0,28
WorstCase366.json,0,19
WorstCase622.json,0,19
WorstCase116.json,0,13
WorstCase1056.json,0,7
WorstCase1325.json,0,19
WorstCase38.json,0,10
WorstCase323.json,0,13
WorstCase1628.json,0,19
WorstCase215.json,0,19
WorstCase1687.json,0,22
WorstCase1064.json,0,10
WorstCase1502.json,0,25
WorstCase41.json,0,10
WorstCase1607.json,0,19
WorstCase1668.json,0,13
WorstCase162.json,0,10
WorstCase53.json,0,13
WorstCase816.json,0,13
WorstCase23.json,0,13
WorstCase1312.json,0,10
WorstCase1099.json,0,16
WorstCase651.json,0,16
WorstCase1264.json,0,16
WorstCase1620.json,0,16
WorstCase1493.json,0,22
WorstCase1599.json,0,25
WorstCase2015.json,0,31
WorstCase1322.json,0,16
WorstCase1065.json,0,13
WorstCase14.json,0,10
WorstCase1910.json,0,25
WorstCase2003.json,0,25
WorstCase458.json,0,16
WorstCase721.json,0,16
WorstCase1674.json,0,16
WorstCase1946.json,0,22
WorstCase2017.json,0,22
WorstCase826.json,0,19
WorstCase813.json,0,19
WorstCase1827.json,0,19
WorstCase1824.json,0,13
WorstCase1010.json,0,22
WorstCase172.json,0,13
WorstCase1029.json,0,10
WorstCase1188.json,0,13
WorstCase1638.json,0,19
WorstCase839.json,0,19
WorstCase1713.json,0,19
WorstCase1768.json,0,19
WorstCase1828.json,0,16
WorstCase287.json,0,19
WorstCase1257.json,0,19
WorstCase899.json,0,16
WorstCase1103.json,0,19
WorstCase2019.json,0,25
WorstCase1981.json,0,28
WorstCase1047.json,0,16
WorstCase37.json,0,10
WorstCase1884.json,0,22
WorstCase1997.json,0,25
WorstCase605.json,0,19
WorstCase1289.json,0,13
WorstCase1385.json,0,19
WorstCase1557.json,0,16
WorstCase122.json,0,16
WorstCase637.json,0,22
WorstCase20.json,0,7
WorstCase1222.json,0,16
WorstCase174.json,0,16
WorstCase1937.json,0,19
WorstCase1914.json,0,25
WorstCase35.json,0,10
WorstCase1127.json,0,19
WorstCase523.json,0,13
WorstCase1362.json,0,16
WorstCase1575.json,0,19
WorstCase1436.json,0,19
WorstCase338.json,0,13
WorstCase948.json,0,19
WorstCase350.json,0,19
WorstCase293.json,0,13
WorstCase1320.json,0,13
WorstCase577.json,0,10
WorstCase1839.json,0,25
WorstCase1901.json,0,25
WorstCase1079.json,0,19
WorstCase2046.json,0,31
WorstCase1052.json,0,13
WorstCase264.json,0,7
WorstCase1676.json,0,16
WorstCase699.json,0,22
WorstCase1556.json,0,13
WorstCase292.json,0,10
WorstCase129.json,0,7
WorstCase324.json,0,10
WorstCase1650.json,0,19
WorstCase54.json,0,13
WorstCase1096.json,0,10
WorstCase1172.json,0,13
WorstCase1514.json,0,22
WorstCase190.json,0,19
WorstCase849.json,0,16
WorstCase1583.json,0,22
WorstCase1625.json,0,19
WorstCase1459.json,0,22
WorstCase667.json,0,19
WorstCase1598.json,0,22
WorstCase1467.json,0,25
WorstCase978.json,0,19
WorstCase1292.json,0,13
WorstCase1078.json,0,16
WorstCase1263.json,0,25
WorstCase1669.json,0,16
WorstCase508.json,0,22
WorstCase389.json,0,13
WorstCase405.json,0,16
WorstCase1927.json,0,22
WorstCase1528.json,0,22
WorstCase1212.json,0,19
WorstCase1922.json,0,16
WorstCase586.json,0,13
WorstCase609.json,0,13
WorstCase1274.json,0,22
WorstCase1911.json,0,28
WorstCase664.json,0,13
WorstCase2043.json,0,31
WorstCase424.json,0,13
WorstCase1777.json,0,22
WorstCase1803.json,0,19
WorstCase739.json,0,19
WorstCase1646.json,0,22
WorstCase1139.json,0,19
WorstCase57.json,0,13
WorstCase1004.json,0,22
WorstCase1719.json,0,25
WorstCase445.json,0,22
WorstCase315.json,0,19
WorstCase1231.json,0,22
WorstCase1009.json,0,22
WorstCase1319.json,0,19
WorstCase1081.json,0,16
WorstCase726.json,0,19
WorstCase56.json,0,10
WorstCase1854.json,0,25
WorstCase1913.json,0,25
WorstCase1769.json,0,22
WorstCase755.json,0,22
WorstCase1454.json,0,22
WorstCase1679.json,0,22
WorstCase85.json,0,13
WorstCase1889.json,0,19
WorstCase551.json,0,16
WorstCase843.json,0,19
WorstCase411.json,0,19
WorstCase511.json,0,28
WorstCase1367.json,0,22
WorstCase7.json,0,10
WorstCase269.json,0,13
WorstCase1872.json,0,16
WorstCase282.json,0,13
WorstCase618.json,0,16
WorstCase205.json,0,16
WorstCase1500.json,0,22
WorstCase255.json,0,25
WorstCase1677.json,0,19
WorstCase139.json,0,13
WorstCase394.json,0,13
WorstCase1246.json,0,22
WorstCase386.json,0,10
WorstCase760.json,0,19
WorstCase454.json,0,16
WorstCase216.json,0,13
WorstCase1631.json,0,25
WorstCase1849.json,0,22
WorstCase487.json,0,22
WorstCase1920.json,0,13
WorstCase312.json,0,13
WorstCase810.json,0,16
WorstCase741.json,0,19
WorstCase211.json,0,16
WorstCase1671.json,0,19
WorstCase593.json,0,13
WorstCase279.json,0,16
WorstCase1309.json,0,19
WorstCase1060.json,0,10
WorstCase623.json,0,22
WorstCase626.json,0,16
WorstCase754.json,0,19
WorstCase1347.json,0,16
WorstCase2030.json,0,28
WorstCase1986.json,0,19
WorstCase501.json,0,22
WorstCase357.json,0,16
WorstCase1177.json,0,16
WorstCase332.json,0,13
WorstCase1869.json,0,22
WorstCase1388.json,0,19
WorstCase127.json,0,22
WorstCase1820.json,0,19
WorstCase1864.json,0,16
WorstCase635.json,0,22
WorstCase1113.json,0,16
WorstCase408.json,0,13
WorstCase1219.json,0,16
WorstCase360.json,0,13
WorstCase2035.json,0,28
WorstCase1903.json,0,28
WorstCase1456.json,0,16
WorstCase1094.json,0,13
WorstCase243.json,0,19
WorstCase131.json,0,10
WorstCase1645.json,0,22
WorstCase1373.json,0,22
WorstCase225.json,0,13
WorstCase877.json,0,22
WorstCase545.json,0,10
WorstCase491.json,0,22
WorstCase934.json,0,19
WorstCase163.json,0,13
WorstCase390.json,0,13
WorstCase861.json,0,22
WorstCase1140.json,0,16
WorstCase606.json,0,19
WorstCase1597.json,0,22
WorstCase761.json,0,22
WorstCase653.json,0,16
WorstCase1690.json,0,19
WorstCase240.json,0,13
WorstCase249.json,0,19
WorstCase1076.json,0,13
WorstCase500.json,0,19
WorstCase758.json,0,22
WorstCase571.json,0,19
WorstCase1453.json,0,22
WorstCase1971.json,0,25
WorstCase717.json,0,19
WorstCase1133.json,0,19
WorstCase1735.json,0,22
WorstCase1734.json,0,19
WorstCase1549.json,0,16
WorstCase109.json,0,16
WorstCase1693.json,0,22
WorstCase684.json,0,16
WorstCase167.json,0,16
WorstCase1818.json,0,19
WorstCase676.json,0,13
WorstCase1865.json,0,19
WorstCase949.json,0,22
WorstCase1905.json,0,22
WorstCase918.json,0,19
WorstCase374.json,0,19
WorstCase1315.json,0,16
WorstCase1494.json,0,22
WorstCase262.json,0,10
WorstCase1393.json,0,19
WorstCase772.json,0,10
WorstCase708.json,0,13
WorstCase1085.json,0,19
WorstCase1336.json,0,16
WorstCase1967.json,0,28
WorstCase589.json,0,16
WorstCase230.json,0,16
WorstCase1590.json,0,19
WorstCase1536.json,0,7
WorstCase1692.json,0,19
WorstCase2022.json,0,25
WorstCase45.json,0,13
WorstCase86.json,0,13
WorstCase1483.json,0,22
WorstCase404.json,0,13
WorstCase29.json,0,13
WorstCase1036.json,0,10
WorstCase1736.json,0,16
WorstCase380.json,0,19
WorstCase1886.json,0,25
WorstCase327.json,0,16
WorstCase738.json,0,16
WorstCase671.json,0,22
WorstCase1346.json,0,13
WorstCase1844.json,0,19
WorstCase1809.json,0,16
WorstCase1002.json,0,22
WorstCase268.json,0,10
WorstCase634.json,0,19
WorstCase672.json,0,10
WorstCase894.json,0,25
WorstCase1623.json,0,22
WorstCase183.json,0,19
WorstCase1746.json,0,19
WorstCase69.json,0,10
WorstCase1546.json,0,13
WorstCase2027.json,0,28
WorstCase547.json,0,13
WorstCase1614.json,0,19
WorstCase356.json,0,13
WorstCase1159.json,0,16
WorstCase1518.json,0,25
WorstCase1667.json,0,16
WorstCase1846.json,0,22
WorstCase1509.json,0,22
WorstCase1747.json,0,22
WorstCase185.json,0,16
WorstCase236.json,0,16
WorstCase780.json,0,13
WorstCase1338.json,0,19
WorstCase966.json,0,19
WorstCase138.json,0,10
WorstCase158.json,0,16
WorstCase990.json,0,25
WorstCase940.json,0,19
WorstCase943.json,0,25
WorstCase1241.json,0,19
WorstCase1585.json,0,16
WorstCase1925.json,0,19
WorstCase10.json,0,7
WorstCase1305.json,0,16
WorstCase766.json,0,25
WorstCase1866.json,0,19
WorstCase1755.json,0,25
WorstCase1602.json,0,13
WorstCase939.json,0,22
WorstCase946.json,0,19
WorstCase482.json,0,16
WorstCase1530.json,0,25
WorstCase125.json,0,19
WorstCase1733.json,0,19
WorstCase584.json,0,10
WorstCase396.json,0,13
WorstCase1977.json,0,25
WorstCase1737.json,0,19
WorstCase833.json,0,13
WorstCase460.json,0,16
WorstCase1310.json,0,19
WorstCase1387.json,0,22
WorstCase1357.json,0,19
WorstCase233.json,0,16
WorstCase2042.json,0,28
WorstCase1088.json,0,7
WorstCase682.json,0,16
WorstCase1954.json,0,19
WorstCase1632.json,0,13
WorstCase1928.json,0,16
WorstCase1238.json,0,19
WorstCase72.json,0,7
WorstCase974.json,0,22
WorstCase156.json,0,13
WorstCase1744.json,0,16
WorstCase1805.json,0,19
WorstCase1427.json,0,19
WorstCase1814.json,0,19
WorstCase848.json,0,13
WorstCase1918.json,0,28
WorstCase210.json,0,13
WorstCase320.json,0,7
WorstCase465.json,0,16
WorstCase578.json,0,10
WorstCase984.json,0,19
WorstCase143.json,0,16
WorstCase222.json,0,19
WorstCase1100.json,0,13
WorstCase868.json,0,16
WorstCase159.json,0,19
WorstCase921.json,0,19
WorstCase604.json,0,16
WorstCase1130.json,0,16
WorstCase1277.json,0,25
WorstCase1026.json,0,7
WorstCase870.json,0,19
WorstCase1170.json,0,13
WorstCase245.json,0,19
WorstCase1757.json,0,25
WorstCase1482.json,0,19
WorstCase1197.json,0,19
WorstCase1969.json,0,22
WorstCase750.json,0,22
WorstCase382.json,0,22
WorstCase1998.json,0,25
WorstCase1790.json,0,28
WorstCase1084.json,0,16
WorstCase620.json,0,16
WorstCase1721.json,0,22
WorstCase639.json,0,25
WorstCase1120.json,0,10
WorstCase1558.json,0,16
WorstCase1641.json,0,19
WorstCase1553.json,0,13
WorstCase1040.json,0,7
WorstCase1293.json,0,16
WorstCase1741.json,0,22
WorstCase675.json,0,16
WorstCase971.json,0,22
WorstCase66.json,0,7
WorstCase1232.json,0,13
WorstCase947.json,0,22
WorstCase1686.json,0,19
WorstCase1297.json,0,13
WorstCase1545.json,0,13
WorstCase1349.json,0,16
WorstCase1249.json,0,16
WorstCase361.json,0,16
WorstCase227.json,0,16
WorstCase851.json,0,19
WorstCase581.json,0,13
WorstCase1178.json,0,16
WorstCase303.json,0,19
WorstCase1823.json,0,25
WorstCase1902.json,0,25
WorstCase844.json,0,16
WorstCase1223.json,0,19
WorstCase1408.json,0,10
WorstCase1709.json,0,22
WorstCase291.json,0,13
WorstCase638.json,0,22
WorstCase1185.json,0,13
WorstCase915.json,0,19
WorstCase276.json,0,10
WorstCase256.json,0,4
WorstCase591.json,0,19
WorstCase1158.json,0,13
WorstCase1037.json,0,13
WorstCase253.json,0,22
WorstCase1594.json,0,19
WorstCase274.json,0,10
WorstCase1481.json,0,19
WorstCase1413.json,0,16
WorstCase1754.json,0,22
WorstCase1830.json,0,19
WorstCase985.json,0,22
WorstCase1341.json,0,22
WorstCase481.json,0,16
WorstCase964.json,0,16
WorstCase1077.json,0,16
WorstCase160.json,0,7
WorstCase544.json,0,7
WorstCase2009.json,0,25
WorstCase280.json,0,10
WorstCase1921.json,0,16
WorstCase644.json,0,10
WorstCase1034.json,0,10
WorstCase402.json,0,13
WorstCase603.json,0,19
WorstCase3.json,0,7
WorstCase1402.json,0,22
WorstCase1211.json,0,22
WorstCase805.json,0,16
WorstCase663.json,0,19
WorstCase1904.json,0,19
WorstCase909.json,0,19
WorstCase485.json,0,19
WorstCase1837.json,0,22
WorstCase115.json,0,16
WorstCase998.json,0,22
WorstCase1281.json,0,10
WorstCase1363.json,0,19
WorstCase1258.json,0,19
WorstCase2006.json,0,25
WorstCase1179.json,0,19
WorstCase1443.json,0,19
WorstCase144.json,0,7
WorstCase932.json,0,16
WorstCase1146.json,0,19
WorstCase1909.json,0,25
WorstCase768.json,0,7
WorstCase958.json,0,25
WorstCase770.json,0,10
WorstCase1356.json,0,16
WorstCase1337.json,0,19
WorstCase466.json,0,16
WorstCase1200.json,0,13
WorstCase1540.json,0,10
WorstCase1731.json,0,19
WorstCase1800.json,0,13
WorstCase888.json,0,19
WorstCase2014.json,0,28
WorstCase872.json,0,16
WorstCase416.json,0,10
WorstCase1934.json,0,22
WorstCase850.json,0,16
WorstCase1883.json,0,25
WorstCase32.json,0,4
WorstCase1209.json,0,19
WorstCase811.json,0,19
WorstCase1286.json,0,13
WorstCase607.json,0,22
WorstCase823.json,0,22
WorstCase439.json,0,22
WorstCase1111.json,0,19
WorstCase178.json,0,13
WorstCase552.json,0,10
WorstCase1168.json,0,10
WorstCase1285.json,0,13
WorstCase9.json,0,7
WorstCase418.json,0,13
WorstCase1578.json,0,16
WorstCase334.json,0,16
WorstCase81.json,0,10
WorstCase1537.json,0,10
WorstCase412.json,0,16
WorstCase530.json,0,10
WorstCase972.json,0,19
WorstCase923.json,0,22
WorstCase1300.json,0,13
WorstCase931.json,0,19
WorstCase976.json,0,16
WorstCase1473.json,0,16
WorstCase784.json,0,10
WorstCase237.json,0,19
WorstCase187.json,0,19
WorstCase1643.json,0,22
WorstCase632.json,0,16
WorstCase1192.json,0,13
WorstCase1696.json,0,13
WorstCase1162.json,0,13
WorstCase1726.json,0,25
WorstCase1216.json,0,10
WorstCase1984.json,0,16
WorstCase993.json,0,19
WorstCase1092.json,0,10
WorstCase740.json,0,16
WorstCase1570.json,0,13
WorstCase1463.json,0,25
WorstCase822.json,0,19
WorstCase737.json,0,16
WorstCase1689.json,0,19
WorstCase1532.json,0,25
WorstCase1601.json,0,13
WorstCase830.json,0,22
WorstCase1074.json,0,13
WorstCase1020.json,0,25
WorstCase388.json,0,10
WorstCase1410.json,0,13
WorstCase941.json,0,22
WorstCase346.json,0,16
WorstCase1799.json,0,19
WorstCase1386.json,0,19
WorstCase1106.json,0,13
WorstCase1018.json,0,25
WorstCase765.json,0,25
WorstCase1169.json,0,13
WorstCase564.json,0,13
WorstCase1366.json,0,19
WorstCase929.json,0,16
WorstCase725.json,0,19
WorstCase1498.json,0,22
WorstCase344.json,0,13
WorstCase1267.json,0,22
WorstCase1622.json,0,19
WorstCase1243.json,0,22
WorstCase1380.json,0,16
WorstCase610.json,0,13
WorstCase1685.json,0,19
WorstCase1720.json,0,19
WorstCase557.json,0,16
WorstCase1843.json,0,22
WorstCase1707.json,0,22
WorstCase716.json,0,16
WorstCase1195.json,0,19
WorstCase16.json,0,4
WorstCase1244.json,0,19
WorstCase1938.json,0,19
WorstCase749.json,0,22
WorstCase1941.json,0,22
WorstCase169.json,0,13
WorstCase621.json,0,19
WorstCase1547.json,0,16
WorstCase1011.json,0,25
WorstCase176.json,0,10
WorstCase1753.json,0,22
WorstCase1008.json,0,19
WorstCase977.json,0,19
WorstCase1665.json,0,13
WorstCase1038.json,0,13
WorstCase1505.json,0,19
WorstCase1976.json,0,22
WorstCase1339.json,0,22
WorstCase1035.json,0,13
WorstCase1772.json,0,22
WorstCase331.json,0,16
WorstCase1059.json,0,13
WorstCase1718.json,0,22
WorstCase1254.json,0,19
WorstCase1699.json,0,19
WorstCase1253.json,0,19
WorstCase925.json,0,22
WorstCase1657.json,0,22
WorstCase1465.json,0,22
WorstCase155.json,0,16
WorstCase735.json,0,25
WorstCase133.json,0,10
WorstCase2002.json,0,22
WorstCase2038.json,0,28
WorstCase714.json,0,16
WorstCase919.json,0,22
WorstCase1724.json,0,22
WorstCase1876.json,0,19
WorstCase1663.json,0,28
WorstCase1028.json,0,7
WorstCase1792.json,0,10
WorstCase319.json,0,22
WorstCase1124.json,0,13
WorstCase1268.json,0,19
WorstCase662.json,0,16
WorstCase212.json,0,13
WorstCase450.json,0,13
WorstCase1157.json,0,13
WorstCase1430.json,0,19
WorstCase1953.json,0,19
WorstCase89.json,0,13
WorstCase832.json,0,10
WorstCase1144.json,0,16
WorstCase696.json,0,16
WorstCase1472.json,0,13
WorstCase1822.json,0,22
WorstCase258.json,0,7
WorstCase1917.json,0,28
WorstCase1610.json,0,16
WorstCase712.json,0,13
WorstCase476.json,0,19
WorstCase715.json,0,19
WorstCase1466.json,0,22
WorstCase1815.json,0,22
WorstCase275.json,0,13
WorstCase1379.json,0,19
WorstCase371.json,0,19
WorstCase858.json,0,19
WorstCase252.json,0,19
WorstCase425.json,0,16
WorstCase21.json,0,10
WorstCase656.json,0,10
WorstCase76.json,0,10
WorstCase1151.json,0,25
WorstCase611.json,0,16
WorstCase1049.json,0,13
WorstCase602.json,0,16
WorstCase1301.json,0,16
WorstCase1135.json,0,22
WorstCase455.json,0,19
WorstCase71.json,0,13
WorstCase1615.json,0,22
WorstCase1878.json,0,22
WorstCase496.json,0,16
WorstCase1302.json,0,16
WorstCase1697.json,0,16
WorstCase1486.json,0,22
WorstCase1375.json,0,25
WorstCase1816.json,0,16
WorstCase1328.json,0,13
WorstCase478.json,0,22
WorstCase242.json,0,16
WorstCase1087.json,0,22
WorstCase364.json,0,16
WorstCase1350.json,0,16
WorstCase1326.json,0,19
WorstCase391.json,0,16
WorstCase854.json,0,19
WorstCase1091.json,0,13
WorstCase1554.json,0,13
WorstCase19.json,0,10
WorstCase206.json,0,16
WorstCase1942.json,0,22
WorstCase2004.json,0,22
WorstCase1304.json,0,13
WorstCase885.json,0,22
WorstCase79.json,0,16
WorstCase677.json,0,16
WorstCase1234.json,0,16
WorstCase2024.json,0,22
WorstCase793.json,0,16
WorstCase1860.json,0,16
WorstCase153.json,0,13
WorstCase1471.json,0,28
WorstCase1791.json,0,31
WorstCase1504.json,0,16
WorstCase878.json,0,22
WorstCase748.json,0,19
WorstCase1128.json,0,13
WorstCase1469.json,0,25
WorstCase73.json,0,10
WorstCase152.json,0,10
WorstCase498.json,0,19
WorstCase1155.json,0,13
WorstCase542.json,0,16
WorstCase933.json,0,19
WorstCase39.json,0,13
WorstCase1919.json,0,31
WorstCase1499.json,0,25
WorstCase1708.json,0,19
WorstCase1404.json,0,22
WorstCase1.json,0,4
WorstCase1046.json,0,13
WorstCase1801.json,0,16
WorstCase1107.json,0,16
WorstCase161.json,0,10
WorstCase1227.json,0,19
WorstCase284.json,0,13
WorstCase560.json,0,10
WorstCase1945.json,0,22
WorstCase1215.json,0,25
WorstCase22.json,0,10
WorstCase533.json,0,13
WorstCase226.json,0,13
WorstCase1484.json,0,19
WorstCase1572.json,0,13
WorstCase900.json,0,13
WorstCase1024.json,0,4
WorstCase1422.json,0,19
WorstCase1995.json,0,25
WorstCase1497.json,0,22
WorstCase1006.json,0,25
WorstCase979.json,0,22
WorstCase288.json,0,7
WorstCase1083.json,0,19
WorstCase1826.json,0,16
WorstCase4.json,0,4
WorstCase47.json,0,16
WorstCase1728.json,0,13
WorstCase1317.json,0,16
WorstCase307.json,0,16
WorstCase194.json,0,10
WorstCase1311.json,0,22
WorstCase1633.json,0,16
WorstCase1542.json,0,13
WorstCase2001.json,0,22
WorstCase845.json,0,19
WorstCase193.json,0,10
WorstCase534.json,0,13
WorstCase1141.json,0,19
WorstCase1333.json,0,19
WorstCase457.json,0,16
WorstCase463.json,0,22
WorstCase1591.json,0,22
WorstCase121.json,0,16
WorstCase189.json,0,19
WorstCase685.json,0,19
WorstCase512.json,0,4
WorstCase164.json,0,10
WorstCase1143.json,0,22
WorstCase886.json,0,22
WorstCase576.json,0,7
WorstCase1881.json,0,22
WorstCase1000.json,0,19
WorstCase1444.json,0,16
WorstCase296.json,0,10
WorstCase1649.json,0,19
WorstCase2033.json,0,25
WorstCase472.json,0,16
WorstCase2026.json,0,25
WorstCase743.json,0,22
WorstCase214.json,0,16
WorstCase1003.json,0,25
WorstCase1353.json,0,16
WorstCase808.json,0,13
WorstCase1608.json,0,13
WorstCase1958.json,0,22
WorstCase108.json,0,13
WorstCase1932.json,0,19
WorstCase375.json,0,22
WorstCase829.json,0,22
WorstCase1184.json,0,10
WorstCase911.json,0,22
WorstCase1090.json,0,10
WorstCase1489.json,0,19
WorstCase502.json,0,22
WorstCase535.json,0,16
WorstCase297.json,0,13
WorstCase431.json,0,22
WorstCase1457.json,0,19
WorstCase527.json,0,16
WorstCase1908.json,0,22
WorstCase1276.json,0,22
WorstCase1394.json,0,19
WorstCase1303.json,0,19
WorstCase36.json,0,7
WorstCase1867.json,0,22
WorstCase358.json,0,16
WorstCase343.json,0,19
WorstCase137.json,0,10
WorstCase475.json,0,22
WorstCase304.json,0,10
WorstCase1555.json,0,16
WorstCase1759.json,0,28
WorstCase731.json,0,22
WorstCase782.json,0,16
WorstCase175.json,0,19
WorstCase1439.json,0,25
WorstCase432.json,0,13
WorstCase1923.json,0,19
WorstCase8.json,0,4
WorstCase499.json,0,22
WorstCase628.json,0,16
WorstCase186.json,0,16
WorstCase105.json,0,13
WorstCase1512.json,0,19
WorstCase1618.json,0,16
WorstCase1345.json,0,13
WorstCase670.json,0,19
WorstCase1871.json,0,25
WorstCase1885.json,0,25
WorstCase1897.json,0,22
WorstCase1115.json,0,19
WorstCase863.json,0,25
WorstCase1739.json,0,22
WorstCase678.json,0,16
WorstCase1593.json,0,19
WorstCase807.json,0,19
WorstCase1296.json,0,10
WorstCase339.json,0,16
WorstCase1563.json,0,19
WorstCase1236.json,0,16
WorstCase548.json,0,10
WorstCase1067.json,0,16
WorstCase692.json,0,16
WorstCase1548.json,0,13
WorstCase1899.json,0,25
WorstCase804.json,0,13
WorstCase1702.json,0,19
WorstCase1201.json,0,16
WorstCase1136.json,0,13
WorstCase827.json,0,22
WorstCase340.json,0,13
WorstCase1389.json,0,22
WorstCase94.json,0,16
WorstCase494.json,0,22
WorstCase1524.json,0,22
WorstCase1213.json,0,22
WorstCase1359.json,0,22
WorstCase645.json,0,13
WorstCase1437.json,0,22
WorstCase406.json,0,16
WorstCase592.json,0,10
WorstCase630.json,0,19
WorstCase2045.json,0,31
WorstCase763.json,0,25
WorstCase1750.json,0,22
WorstCase1960.json,0,19
WorstCase661.json,0,16
WorstCase208.json,0,10
WorstCase1672.json,0,13
WorstCase794.json,0,16
WorstCase151.json,0,16
WorstCase469.json,0,19
WorstCase495.json,0,25
WorstCase1053.json,0,16
WorstCase17.json,0,7
WorstCase1936.json,0,16
WorstCase1939.json,0,22
WorstCase1703.json,0,22
WorstCase1137.json,0,16
WorstCase1355.json,0,19
WorstCase1725.json,0,25
WorstCase426.json,0,16
WorstCase1642.json,0,19
WorstCase286.json,0,16
WorstCase1245.json,0,22
WorstCase569.json,0,16
WorstCase510.json,0,25
WorstCase1123.json,0,16
WorstCase342.json,0,16
WorstCase444.json,0,19
WorstCase403.json,0,16
WorstCase693.json,0,19
WorstCase1448.json,0,16
WorstCase859.json,0,22
WorstCase484.json,0,16
WorstCase963.json,0,19
WorstCase1748.json,0,19
WorstCase87.json,0,16
WorstCase837.json,0,16
WorstCase111.json,0,19
WorstCase471.json,0,22
WorstCase903.json,0,19
WorstCase1988.json,0,19
WorstCase1576.json,0,13
WorstCase1798.json,0,16
WorstCase1298.json,0,13
WorstCase43.json,0,13
WorstCase1850.json,0,22
WorstCase1710.json,0,22
WorstCase706.json,0,13
WorstCase1395.json,0,22
WorstCase1544.json,0,10
WorstCase1193.json,0,16
WorstCase427.json,0,19
WorstCase1654.json,0,22
WorstCase246.json,0,19
WorstCase1701.json,0,19
WorstCase198.json,0,13
WorstCase1613.json,0,19
WorstCase1582.json,0,19
WorstCase119.json,0,19
WorstCase437.json,0,19
WorstCase2032.json,0,22
WorstCase585.json,0,13
WorstCase1180.json,0,16
WorstCase646.json,0,13
WorstCase1424.json,0,13
WorstCase1262.json,0,22
WorstCase244.json,0,16
WorstCase1017.json,0,25
WorstCase818.json,0,16
WorstCase488.json,0,16
WorstCase539.json,0,16
WorstCase506.json,0,22
WorstCase2037.json,0,28
WorstCase2011.json,0,28
WorstCase1441.json,0,16
WorstCase1931.json,0,22
WorstCase694.json,0,19
WorstCase15.json,0,13
WorstCase492.json,0,19
WorstCase1788.json,0,25
WorstCase2020.json,0,22
WorstCase254.json,0,22
WorstCase1993.json,0,22
WorstCase596.json,0,13
WorstCase1552.json,0,10
WorstCase791.json,0,19
WorstCase771.json,0,13
WorstCase181.json,0,16
WorstCase128.json,0,4
WorstCase1354.json,0,16
WorstCase113.json,0,13
WorstCase383.json,0,25
WorstCase1751.json,0,25
WorstCase1376.json,0,13
WorstCase828.json,0,19
WorstCase1487.json,0,25
WorstCase1360.json,0,13
WorstCase1857.json,0,16
WorstCase1204.json,0,16
WorstCase1834.json,0,19
WorstCase1873.json,0,19
WorstCase5.json,0,7
WorstCase666.json,0,16
WorstCase1033.json,0,10
WorstCase365.json,0,19
WorstCase1586.json,0,16
WorstCase1991.json,0,25
WorstCase1841.json,0,19
WorstCase1080.json,0,13
WorstCase1727.json,0,28
WorstCase1382.json,0,19
WorstCase310.json,0,16
WorstCase1965.json,0,25
WorstCase895.json,0,28
WorstCase513.json,0,7
WorstCase1933.json,0,22
WorstCase1534.json,0,28
WorstCase1912.json,0,22
WorstCase1916.json,0,25
WorstCase209.json,0,13
WorstCase1399.json,0,25
WorstCase1781.json,0,25
WorstCase1210.json,0,19
WorstCase561.json,0,13
WorstCase1859.json,0,19
WorstCase1501.json,0,25
WorstCase1513.json,0,22
WorstCase1332.json,0,16
WorstCase241.json,0,16
WorstCase1131.json,0,19
WorstCase1248.json,0,13
WorstCase906.json,0,16
WorstCase313.json,0,16
WorstCase1506.json,0,19
WorstCase1174.json,0,16
WorstCase270.json,0,13
WorstCase1307.json,0,19
WorstCase980.json,0,19
WorstCase1181.json,0,19
WorstCase1138.json,0,16
WorstCase1460.json,0,19
WorstCase901.json,0,16
WorstCase1892.json,0,19
WorstCase825.json,0,19
WorstCase221.json,0,19
WorstCase1659.json,0,25
WorstCase876.json,0,19
WorstCase996.json,0,19
WorstCase658.json,0,13
WorstCase1477.json,0,19
WorstCase558.json,0,16
WorstCase1817.json,0,19
WorstCase1412.json,0,13
WorstCase612.json,0,13
WorstCase1045.json,0,13
WorstCase2000.json,0,19
WorstCase574.json,0,19
WorstCase1225.json,0,16
WorstCase852.json,0,16
WorstCase1877.json,0,22
WorstCase1166.json,0,16
WorstCase643.json,0,13
WorstCase50.json,0,10
WorstCase1595.json,0,22
WorstCase351.json,0,22
WorstCase62.json,0,16
WorstCase273.json,0,10
WorstCase381.json,0,22
WorstCase873.json,0,19
WorstCase1039.json,0,16
WorstCase1526.json,0,25
WorstCase318.json,0,19
WorstCase759.json,0,25
WorstCase295.json,0,16
WorstCase746.json,0,19
WorstCase13.json,0,10
WorstCase1564.json,0,16
WorstCase857.json,0,19
WorstCase809.json,0,16
WorstCase299.json,0,16
WorstCase1449.json,0,19
WorstCase473.json,0,19
WorstCase1951.json,0,28
WorstCase1882.json,0,22
WorstCase486.json,0,19
WorstCase410.json,0,16
WorstCase764.json,0,22
WorstCase31.json,0,16
WorstCase2041.json,0,28
WorstCase815.json,0,22
WorstCase325.json,0,13
WorstCase1856.json,0,13
WorstCase1565.json,0,19
WorstCase1515.json,0,25
WorstCase1043.json,0,13
WorstCase467.json,0,19
WorstCase669.json,0,19
WorstCase689.json,0,16
WorstCase1647.json,0,25
WorstCase1821.json,0,22
WorstCase937.json,0,19
WorstCase1629.json,0,22
WorstCase517.json,0,10
WorstCase720.json,0,13
WorstCase1987.json,0,22
WorstCase1758.json,0,25
WorstCase1765.json,0,22
WorstCase464.json,0,13
WorstCase792.json,0,13
WorstCase1324.json,0,16
WorstCase65.json,0,7
WorstCase1098.json,0,13
WorstCase1580.json,0,16
WorstCase1648.json,0,16
WorstCase285.json,0,16
WorstCase335.json,0,19
WorstCase1870.json,0,22
WorstCase1574.json,0,16
WorstCase1434.json,0,19
WorstCase1377.json,0,16
WorstCase1134.json,0,19
WorstCase363.json,0,19
WorstCase347.json,0,19
WorstCase1652.json,0,19
WorstCase1119.json,0,22
WorstCase232.json,0,13
WorstCase704.json,0,10
WorstCase49.json,0,10
WorstCase1587.json,0,19
WorstCase168.json,0,10
WorstCase1833.json,0,19
WorstCase613.json,0,16
WorstCase1261.json,0,22
WorstCase1714.json,0,19
WorstCase1390.json,0,22
WorstCase541.json,0,16
WorstCase959.json,0,28
WorstCase1161.json,0,13
WorstCase422.json,0,16
WorstCase82.json,0,10
WorstCase213.json,0,16
WorstCase376.json,0,16
WorstCase1786.json,0,25
WorstCase642.json,0,10
WorstCase697.json,0,19
WorstCase711.json,0,19
WorstCase967.json,0,22
WorstCase640.json,0,7
WorstCase261.json,0,10
WorstCase1117.json,0,19
WorstCase298.json,0,13
WorstCase384.json,0,7
WorstCase1952.json,0,16
WorstCase203.json,0,16
WorstCase997.json,0,22
WorstCase555.json,0,16
WorstCase6.json,0,7
WorstCase1217.json,0,13
WorstCase896.json,0,10
WorstCase120.json,0,13
WorstCase524.json,0,10
WorstCase1240.json,0,16
WorstCase1895.json,0,25
WorstCase1559.json,0,19
WorstCase1116.json,0,16
WorstCase1531.json,0,28
WorstCase130.json,0,7
WorstCase474.json,0,19
WorstCase247.json,0,22
WorstCase1567.json,0,22
WorstCase197.json,0,13
WorstCase1228.json,0,16
WorstCase752.json,0,16
WorstCase1541.json,0,13
WorstCase1811.json,0,19
WorstCase649.json,0,13
WorstCase1252.json,0,16
WorstCase800.json,0,10
WorstCase1584.json,0,13
WorstCase308.json,0,13
WorstCase433.json,0,16
WorstCase352.json,0,10
WorstCase1891.json,0,22
WorstCase1729.json,0,16
WorstCase251.json,0,22
WorstCase553.json,0,13
WorstCase907.json,0,19
WorstCase1348.json,0,13
WorstCase785.json,0,13
WorstCase1250.json,0,16
WorstCase1415.json,0,19
WorstCase489.json,0,19
WorstCase1661.json,0,25
WorstCase1571.json,0,16
WorstCase1763.json,0,22
WorstCase1680.json,0,13
WorstCase733.json,0,22
WorstCase1634.json,0,16
WorstCase1523.json,0,25
WorstCase68.json,0,7
WorstCase2012.json,0,25
WorstCase290.json,0,10
WorstCase349.json,0,19
WorstCase179.json,0,16
WorstCase88.json,0,10
WorstCase1299.json,0,16
WorstCase1455.json,0,25
WorstCase1203.json,0,19
WorstCase790.json,0,16
WorstCase1961.json,0,22
WorstCase1579.json,0,19
WorstCase219.json,0,19
WorstCase587.json,0,16
WorstCase529.json,0,10
WorstCase1462.json,0,22
WorstCase1784.json,0,22
WorstCase1775.json,0,28
WorstCase938.json,0,19
WorstCase1291.json,0,16
WorstCase1474.json,0,16
WorstCase1835.json,0,22
WorstCase1980.json,0,25
WorstCase1438.json,0,22
WorstCase1776.json,0,19
WorstCase1948.json,0,22
WorstCase1364.json,0,16
WorstCase1207.json,0,22
WorstCase1280.json,0,7
WorstCase154.json,0,13
WorstCase497.json,0,19
WorstCase580.json,0,10
WorstCase1783.json,0,28
WorstCase926.json,0,22
WorstCase322.json,0,10
WorstCase1842.json,0,19
WorstCase1160.json,0,10
WorstCase1761.json,0,19
WorstCase838.json,0,16
WorstCase136.json,0,7
WorstCase399.json,0,19
WorstCase736.json,0,13
WorstCase11.json,0,10
WorstCase1535.json,0,31
WorstCase266.json,0,10
WorstCase1126.json,0,16
WorstCase514.json,0,7
WorstCase231.json,0,19
WorstCase1636.json,0,16
WorstCase727.json,0,22
WorstCase430.json,0,19
WorstCase1109.json,0,16
WorstCase556.json,0,13
WorstCase1450.json,0,19
WorstCase1105.json,0,13
WorstCase1153.json,0,10
WorstCase1795.json,0,16
WorstCase1569.json,0,13
WorstCase1069.json,0,16
WorstCase59.json,0,16
WorstCase1468.json,0,22
WorstCase459.json,0,19
WorstCase550.json,0,13
WorstCase173.json,0,16
WorstCase1888.json,0,16
WorstCase234.json,0,16
WorstCase1061.json,0,13
WorstCase908.json,0,16
WorstCase728.json,0,16
WorstCase1051.json,0,16
WorstCase1994.json,0,22
WorstCase1237.json,0,19
WorstCase836.json,0,13
WorstCase1202.json,0,16
WorstCase165.json,0,13
WorstCase1787.json,0,28
WorstCase1461.json,0,22
WorstCase182.json,0,16
WorstCase519.json,0,13
WorstCase1251.json,0,19
WorstCase1403.json,0,25
WorstCase1947.json,0,25
WorstCase263.json,0,13
WorstCase1433.json,0,19
WorstCase1057.json,0,10
WorstCase1446.json,0,19
WorstCase1752.json,0,19
WorstCase1550.json,0,16
WorstCase729.json,0,19
WorstCase112.json,0,10
WorstCase1956.json,0,19
WorstCase608.json,0,10
WorstCase744.json,0,16
WorstCase525.json,0,13
WorstCase701.json,0,22
WorstCase1112.json,0,13
WorstCase1796.json,0,13
WorstCase316.json,0,16
WorstCase283.json,0,16
WorstCase177.json,0,13
WorstCase1691.json,0,22
WorstCase747.json,0,22
WorstCase1539.json,0,13
WorstCase1343.json,0,25
WorstCase788.json,0,13
WorstCase834.json,0,13
WorstCase1630.json,0,22
WorstCase995.json,0,22
WorstCase1050.json,0,13
WorstCase1391.json,0,25
WorstCase1959.json,0,25
WorstCase1495.json,0,25
WorstCase1560.json,0,13
WorstCase1273.json,0,22
WorstCase1851.json,0,25
WorstCase93.json,0,16
WorstCase223.json,0,22
WorstCase1745.json,0,19
WorstCase1670.json,0,16
WorstCase2039.json,0,31
WorstCase563.json,0,16
WorstCase1406.json,0,25
WorstCase655.json,0,19
WorstCase1789.json,0,28
WorstCase1401.json,0,22
WorstCase1978.json,0,25
WorstCase566.json,0,16
WorstCase1717.json,0,22
WorstCase1915.json,0,28
WorstCase582.json,0,13
WorstCase30.json,0,13
WorstCase1321.json,0,16
WorstCase1503.json,0,28
WorstCase1491.json,0,22
WorstCase2018.json,0,22
WorstCase265.json,0,10
WorstCase184.json,0,13
WorstCase134.json,0,10
WorstCase126.json,0,19
WorstCase1021.json,0,28
WorstCase588.json,0,13
WorstCase953.json,0,22
WorstCase28.json,0,10
WorstCase1358.json,0,19
WorstCase1082.json,0,16
WorstCase441.json,0,19
WorstCase1508.json,0,19
WorstCase1973.json,0,25
WorstCase1940.json,0,19
WorstCase1683.json,0,19
WorstCase1001.json,0,22
WorstCase968.json,0,16
WorstCase218.json,0,16
WorstCase719.json,0,22
WorstCase842.json,0,16
WorstCase2036.json,0,25
WorstCase1421.json,0,19
WorstCase398.json,0,16
WorstCase1968.json,0,19
WorstCase1825.json,0,16
WorstCase1819.json,0,22
WorstCase1963.json,0,25
WorstCase12.json,0,7
WorstCase690.json,0,16
WorstCase428.json,0,16
WorstCase1331.json,0,19
WorstCase1785.json,0,25
WorstCase1351.json,0,19
WorstCase1766.json,0,22
WorstCase300.json,0,13
WorstCase302.json,0,16
WorstCase674.json,0,13
WorstCase1681.json,0,16
WorstCase407.json,0,19
WorstCase686.json,0,19
WorstCase1875.json,0,22
WorstCase368.json,0,13
WorstCase1145.json,0,19
WorstCase516.json,0,7
WorstCase1807.json,0,22
WorstCase1247.json,0,25
WorstCase817.json,0,16
WorstCase916.json,0,16
WorstCase40.json,0,7
WorstCase1695.json,0,25
WorstCase278.json,0,13
WorstCase449.json,0,13
WorstCase883.json,0,22
WorstCase75.json,0,13
WorstCase1171.json,0,16
WorstCase840.json,0,13
WorstCase723.json,0,19
WorstCase1398.json,0,22
WorstCase579.json,0,13
WorstCase867.json,0,19
WorstCase96.json,0,7
WorstCase821.json,0,19
WorstCase540.json,0,13
WorstCase1447.json,0,22
WorstCase1295.json,0,19
WorstCase554.json,0,13
WorstCase443.json,0,22
WorstCase509.json,0,25
WorstCase24.json,0,7
WorstCase1452.json,0,19
WorstCase1266.json,0,19
WorstCase1342.json,0,22
WorstCase1361.json,0,16
WorstCase595.json,0,16
WorstCase1152.json,0,7
WorstCase58.json,0,13
WorstCase2047.json,0,34
WorstCase452.json,0,13
WorstCase774.json,0,13
WorstCase1214.json,0,22
WorstCase1384.json,0,16
WorstCase2040.json,0,25
WorstCase1451.json,0,22
WorstCase417.json,0,13
WorstCase841.json,0,16
WorstCase1445.json,0,19
WorstCase935.json,0,22
WorstCase1767.json,0,25
WorstCase1847.json,0,25
WorstCase1588.json,0,16
WorstCase1743.json,0,25
WorstCase783.json,0,19
WorstCase1804.json,0,16
WorstCase641.json,0,10
WorstCase103.json,0,16
WorstCase1722.json,0,22
WorstCase636.json,0,19
WorstCase683.json,0,19
WorstCase1072.json,0,10
WorstCase1732.json,0,16
WorstCase874.json,0,19
WorstCase1435.json,0,22
WorstCase1194.json,0,16
WorstCase1176.json,0,13
WorstCase802.json,0,13
WorstCase1458.json,0,19
WorstCase1196.json,0,16
WorstCase887.json,0,25
WorstCase77.json,0,13
WorstCase820.json,0,16
WorstCase294.json,0,13
WorstCase1095.json,0,16
WorstCase597.json,0,16
WorstCase1256.json,0,16
WorstCase2010.json,0,25
WorstCase328.json,0,10
WorstCase44.json,0,10
WorstCase52.json,0,10
WorstCase616.json,0,13
WorstCase1604.json,0,13
WorstCase1149.json,0,22
WorstCase568.json,0,13
WorstCase988.json,0,22
WorstCase897.json,0,13
WorstCase531.json,0,13
WorstCase1684.json,0,16
WorstCase910.json,0,19
WorstCase2021.json,0,25
WorstCase745.json,0,19
WorstCase1675.json,0,19
WorstCase624.json,0,13
WorstCase973.json,0,22
WorstCase679.json,0,19
WorstCase1660.json,0,22
WorstCase981.json,0,22
WorstCase2013.json,0,28
WorstCase970.json,0,19
WorstCase702.json,0,22
WorstCase913.json,0,16
WorstCase267.json,0,13
WorstCase633.json,0,19
WorstCase70.json,0,10
WorstCase647.json,0,16
WorstCase434.json,0,16
WorstCase779.json,0,16
WorstCase148.json,0,10
WorstCase414.json,0,19
WorstCase812.json,0,16
WorstCase78.json,0,13
WorstCase869.json,0,19
WorstCase1271.json,0,25
WorstCase420.json,0,13
WorstCase1682.json,0,16
WorstCase1323.json,0,19
WorstCase117.json,0,16
WorstCase1562.json,0,16
WorstCase1365.json,0,19
WorstCase1440.json,0,13
WorstCase565.json,0,16
WorstCase1812.json,0,16
WorstCase1407.json,0,28
WorstCase1027.json,0,10
WorstCase1698.json,0,16
WorstCase272.json,0,7
WorstCase856.json,0,16
WorstCase306.json,0,13
WorstCase1208.json,0,16
WorstCase195.json,0,13
WorstCase377.json,0,19
WorstCase928.json,0,13
WorstCase1678.json,0,19
WorstCase1068.json,0,13
WorstCase1596.json,0,19
WorstCase983.json,0,25
WorstCase271.json,0,16
WorstCase277.json,0,13
WorstCase1058.json,0,10
WorstCase1269.json,0,22
WorstCase1764.json,0,19
WorstCase1517.json,0,25
WorstCase1335.json,0,22
WorstCase33.json,0,7
WorstCase986.json,0,22
WorstCase1417.json,0,16
WorstCase1972.json,0,22
WorstCase687.json,0,22
WorstCase1705.json,0,19
WorstCase1700.json,0,16
WorstCase289.json,0,10
WorstCase1964.json,0,22
WorstCase871.json,0,22
WorstCase1093.json,0,13
WorstCase1970.json,0,22
WorstCase106.json,0,13
WorstCase1054.json,0,16
WorstCase1521.json,0,22
WorstCase680.json,0,13
WorstCase90.json,0,13
WorstCase372.json,0,16
WorstCase1829.json,0,19
WorstCase753.json,0,19
WorstCase1284.json,0,10
WorstCase1233.json,0,16
WorstCase1606.json,0,16
WorstCase751.json,0,25
WorstCase321.json,0,10
WorstCase353.json,0,13
WorstCase1218.json,0,13
WorstCase882.json,0,19
WorstCase559.json,0,19
WorstCase1464.json,0,19
WorstCase1706.json,0,19
WorstCase1048.json,0,10
WorstCase1187.json,0,16
WorstCase650.json,0,13
WorstCase1770.json,0,22
WorstCase1619.json,0,19
WorstCase370.json,0,16
WorstCase1996.json,0,22
WorstCase373.json,0,19
WorstCase1930.json,0,19
WorstCase775.json,0,16
WorstCase1154.json,0,10
WorstCase1992.json,0,19
WorstCase1533.json,0,28
WorstCase665.json,0,16
WorstCase1167.json,0,19
WorstCase83.json,0,13
WorstCase1874.json,0,19
WorstCase1845.json,0,22
WorstCase526.json,0,13
WorstCase348.json,0,16
WorstCase25.json,0,10
WorstCase415.json,0,22
WorstCase1880.json,0,19
WorstCase462.json,0,19
WorstCase1397.json,0,22
WorstCase207.json,0,19
WorstCase567.json,0,19
WorstCase477.json,0,22
WorstCase1573.json,0,16
WorstCase796.json,0,16
WorstCase1605.json,0,16
WorstCase1278.json,0,25
WorstCase865.json,0,16
WorstCase757.json,0,22
WorstCase1962.json,0,22
WorstCase1383.json,0,22
WorstCase503.json,0,25
WorstCase528.json,0,7
WorstCase1527.json,0,28
WorstCase1868.json,0,19
WorstCase1510.json,0,22
WorstCase1318.json,0,16
WorstCase862.json,0,22
WorstCase1205.json,0,19
WorstCase781.json,0,16
WorstCase260.json,0,7
WorstCase1156.json,0,10
WorstCase1070.json,0,16
WorstCase864.json,0,13
WorstCase549.json,0,13
WorstCase1199.json,0,22
WorstCase257.json,0,7
WorstCase798.json,0,19
WorstCase196.json,0,10
WorstCase102.json,0,13
WorstCase1778.json,0,22
WorstCase505.json,0,22
WorstCase1838.json,0,22
WorstCase1475.json,0,19
WorstCase345.json,0,16
WorstCase1306.json,0,16
WorstCase1543.json,0,16
WorstCase1985.json,0,19
WorstCase945.json,0,19
